{"model_name": "gnb__v13", "best_score": 0.7682077249004262, "best_params": {"feature_selection__k": 4, "gnb__var_smoothing": 0.43287612810830617}, "time_to_tune": 15066.891316413865}