{"model_name": "gnb__v05", "best_score": 0.7664815367481675, "best_params": {"feature_selection__k": 4, "gnb__var_smoothing": 0.5336699231206302}, "time_to_tune": 14887.161287069384, "score_kaggle": 0.77367}