{"model_name": "svm__v08", "best_score": 0.8016823816446763, "best_params": {"feature_selection__max_features": 25, "svm__C": 0.46415888336127775, "svm__degree": 3, "svm__kernel": "poly"}, "time_to_tune": 97146.6026346681, "score_kaggle": 0.79962}