{"model_name": "svm__v06", "best_score": 0.8006469731489931, "best_params": {"feature_selection__k": 24, "svm__C": 0.46415888336127775, "svm__degree": 3, "svm__kernel": "poly"}, "time_to_tune": 209248.75490570176, "score_kaggle": 0.79939}